,Agent,Avg Daily Profit,Avg Daily Voli,Avg Daily Sharpe,Avg Daily Trades,Avg Daily Std Trades,Avg Daily TIM,Avg Daily Std TIM,Profit/n_trades,AVG Daily Trading Frequency (min)
0,mean_rev,0.8744170350211381,0.008197532533265732,0.09316505043340036,227.81451612903226,188.44282811160883,0.37074933301082325,0.38181125309944275,0.0038382849779681097,2.2386633155155935
1,ARIMA,2.170740102815719,0.002608884344037897,0.23130849616253962,584.508064516129,198.0451844813549,0.063862694744435,0.07629144692433254,0.0037137898253169765,0.8725285944894383
2,LSTM,1.72684910949328,0.005162659735645566,0.16190276521813146,453.89516129032256,208.72167833946943,0.18597381088197612,0.24121568964751863,0.003804510946061275,1.1236074836096157
3,DTR_L1,0.060068575780197836,0.01708260120092868,0.012359673979003082,88.05645161290323,130.64679683364923,0.7813785728656907,0.26344783800742394,0.0006821598495049484,5.791739170253686
4,DTR_L2,0.22417928770668646,0.016476136783919862,0.02482490597662999,88.87903225806451,132.62605645451566,0.740818853832997,0.3074111225436804,0.0025222966768559227,5.738136285273569
5,DTR_L1L2,0.2083641577087237,0.016464570662543136,0.02431425249466016,89.13709677419355,149.40836735850027,0.7419346875401946,0.31823640847509693,0.0023375694884539707,5.72152356826201
6,Optimistic,-0.8384122338709679,0.013020672134755055,-0.07214662333546146,83.2741935483871,46.66513147219643,0.022592595916682456,0.015231499598820088,-0.010068091903931823,6.124346310284718
7,MA_10,2.238346698670218,0.0026328705984291823,0.23004554118448164,589.5967741935484,195.83884583499074,0.06299576278801634,0.06026324621070981,0.003796402552798619,0.8649979482970865
8,BUY AND HOLD,-0.007492204870974794,0.019585782652453865,0.009411448319701345,,,,,,
